{"C":{"ColorContext":null,"A":255,"R":0,"G":47,"B":61,"ScA":1,"ScR":0,"ScG":0.02842604,"ScB":0.0466650873},"CF":{"ColorContext":null,"A":255,"R":241,"G":241,"B":241,"ScA":1,"ScR":0.8796224,"ScG":0.8796224,"ScB":0.8796224},"CB":{"ColorContext":null,"A":255,"R":1,"G":58,"B":101,"ScA":1,"ScR":0.000303526991,"ScG":0.0423114114,"ScB":0.130136475},"TC":{"ColorContext":null,"A":255,"R":85,"G":85,"B":85,"ScA":1,"ScR":0.0908417106,"ScG":0.0908417106,"ScB":0.0908417106},"SB":{"ColorContext":null,"A":255,"R":1,"G":58,"B":101,"ScA":1,"ScR":0.000303526991,"ScG":0.0423114114,"ScB":0.130136475},"SF":{"ColorContext":null,"A":255,"R":243,"G":251,"B":253,"ScA":1,"ScR":0.896269381,"ScG":0.964686275,"ScB":0.982250571},"TS":{"ColorContext":null,"A":255,"R":1,"G":58,"B":101,"ScA":1,"ScR":0.000303526991,"ScG":0.0423114114,"ScB":0.130136475}}